machine,n_windows,pos_rate,ap,win_precision,win_recall,n_incidents,inc_caught,inc_recall,lead_mean,lead_median,n_episodes,tp_episodes,fp_episodes,episode_precision
machine-1-3,7076,0.057235726399095535,0.2933411752000212,0.16666666666666666,0.48641975308641977,4,0,0.0,,,101.0,10.0,91.0,0.09900990099009901
machine-1-4,7078,0.05072054252613733,0.3936775736470372,0.23401950162513543,0.6016713091922006,6,2,0.3333333333333333,2.5,2.5,98.0,16.0,82.0,0.16326530612244897
machine-1-8,7075,0.025159010600706713,0.39747751944513265,0.06926210955183341,0.8595505617977528,6,3,0.5,3.3333333333333335,5.0,481.0,7.0,474.0,0.014553014553014554
machine-1-2,7074,0.0426915465083404,0.21855977181616446,0.07139303482587064,0.9503311258278145,4,3,0.75,5.0,5.0,306.0,5.0,301.0,0.016339869281045753
machine-1-1,8509,0.06522505582324598,0.41375954686964095,0.2672955974842767,0.7657657657657657,4,4,1.0,1.25,1.5,89.0,7.0,82.0,0.07865168539325842
machine-1-5,7077,0.003391267486222976,0.020218169377375764,0.009665427509293681,0.5416666666666666,2,2,1.0,1.0,1.0,322.0,4.0,318.0,0.012422360248447204
machine-1-6,7072,0.4540441176470588,0.9457124951511633,0.4693489392831017,0.9990657116163189,6,6,1.0,4.833333333333333,5.0,55.0,5.0,50.0,0.09090909090909091
machine-1-7,7075,0.012438162544169611,0.6912947520776443,0.018820577164366373,0.8522727272727273,3,3,1.0,5.0,5.0,330.0,5.0,325.0,0.015151515151515152
